SET SQL_MODE = "NO_AUTO_VALUE_ON_ZERO";
START TRANSACTION;
SET time_zone = "+00:00";

/*!40101 SET @OLD_CHARACTER_SET_CLIENT=@@CHARACTER_SET_CLIENT */;
/*!40101 SET @OLD_CHARACTER_SET_RESULTS=@@CHARACTER_SET_RESULTS */;
/*!40101 SET @OLD_COLLATION_CONNECTION=@@COLLATION_CONNECTION */;
/*!40101 SET NAMES utf8mb4 */;

USE `protecdb`;


INSERT INTO `address` (`addressID`, `createdAt`, `updatedAt`, `street`, `streetNumber`, `zipCode`, `city`, `country`, `additionalInformation`, `phone`) VALUES
(0, '2021-01-12 14:37:42', NULL, '.', '.', '.', '.', '.', '.', '.'),
(1, '2021-01-12 14:37:42', NULL, 'Bamberger Straße', '5', '99089', 'Erfurt', 'Deutschland', 'HinterHof', '0176600700'),
(2, '2021-01-12 14:37:42', NULL, 'Probantenteststraße', '115a', '07749', 'Jena', 'Deutschland', NULL, NULL),
(3, '2021-01-12 14:37:42', NULL, 'Muldenweg', '1', '00145', 'Buxbaum', 'Österreich', 'Über Oma Hilde', '03451666111'),
(4, '2021-01-12 14:37:42', NULL, 'An der Klinge', '3', '99680', 'Klosterstedt', 'Deutschland', NULL, NULL),
(5, '2021-01-12 14:37:42', NULL, 'Lange Straße ', '39', '99610', 'Elstern', 'Deutschland', NULL, NULL),
(6, '2021-01-12 14:37:42', NULL, 'Wiemuth Weg', '17', '12345', 'Deuna', 'Deutschland', 'Eichsfeld links', '0190 76 76 76'),
(7, '2021-01-12 14:37:42', NULL, 'Lagergasse', '41', '07799', 'Göschwitz', 'Deutschland', NULL, NULL),
(8, '2021-01-12 14:37:42', NULL, 'Bergweg', '7', '14055', 'Trondheim', 'Norwegen', 'Das Haus am See', NULL),
(9, '2021-01-12 14:40:42', NULL, 'Altonaer Straße', '52', '99089', 'Erfurt', 'Deutschland', 'Campus', NULL);



INSERT INTO `customer` (`customerID`, `createdAt`, `updatedAt`, `firstName`, `lastName`, `birthDate`, `eMail` , `addressID`) VALUES
(0, '0000-00-00 00:00:00', NULL, 'admin', 'protec', 'null', 'admin@protec.de','0'),
(1, '2021-01-12 14:35:52', NULL, 'Niklas', 'Wiefurcht', '1991-03-18', 'LordyMcViva@googlemail.com','1'),
(2, '2021-01-12 14:35:52', NULL, 'Thomas', 'Messer', '1986-11-04', 'Bigtommycool@web.de','2'),
(3, '2021-01-12 14:35:52', NULL, 'Klaus', 'Leber', '1980-01-01', 'FreeWilly@gmx.de','4'),
(4, '2021-01-12 14:35:52', NULL, 'Ludwig', 'Loberstutter', '1999-08-02', 'KleinerLu@yahoo.com', '5'),
(5, '2021-01-12 14:35:52', NULL, 'Selen', 'Konquistator', '2000-04-14', 'Selen@giga.com', '3'),
(6, '2021-01-12 14:35:52', NULL, 'Maximilian', 'Gruber', '1911-11-11', 'OldMax@aol.de','6'),
(7, '2021-01-12 14:35:52', NULL, 'Hans', 'Gruber', '1950-09-14', 'OldMaxJr@aol.de', '6'),
(8, '2021-01-12 14:35:52', NULL, 'Jim', 'Dragon', '1985-08-07', 'DragonFly@gmx.de', '7'),
(9, '2021-01-12 14:35:52', NULL, 'Betrand', 'Russel', '2000-12-04', 'RusselBer@arcor.de', '8'),
(10, '2021-01-12 14:35:52', NULL, 'Ludwig', 'Kleinlaster', '1986-12-04', 'php-amigos@aol.de', '9');

INSERT INTO `account` (`accountID`, `createdAt`, `updatedAt`, `username`, `passwordHash`, `validated`) VALUES
(0, '2021-01-17 08:22:01', NULL, 'admin@protec.de', '$2y$10$BZQIffYJK1lX0ghG.U1YwuQeY/BiiFkI1LNcU3hZIY2.SzpYoCMyO', NULL),
(1, '2021-01-17 08:22:01', NULL, 'LordyMcViva@googlemail.com', '$2y$10$TbDwUHYtwI93pgQjBg.HkOUNPiwo0DCUG4qXOD99QIR60k.5OAefW', NULL),
(2, '2021-01-16 10:14:03', NULL, 'Bigtommycool@web.de', '$2y$10$EOPlskuIxUgoLB.hl5HKb.eHADG9A1prX3yQxn00x3y3.hlQeAEOm', NULL),
(4, '2021-01-17 08:18:00', NULL, 'KleinerLu@yahoo.com', '$2y$10$w/c.zQx4.zrPmNtDxw01XeEEtJ4Ar4g/gBwIpdzTyB6gnP1g.a/9q', NULL),
(5, '2021-01-17 08:19:46', NULL, 'Selen@giga.com', '$2y$10$g/Ts9BZ6BTac6u/zoSMK4ug7TrdSodLjK/L00c/tXqgUxiTnacUcm', NULL),
(6, '2021-01-17 08:20:47', NULL, 'Oldmax@aol.de', '$2y$10$TbDwUHYtwI93pgQjBg.HkOUNPiwo0DCUG4qXOD99QIR60k.5OAefW', NULL),
(10, '2021-01-17 08:20:47', NULL, 'php-amigos@aol.de', '$2y$10$ALoIKBhQVVrxQW6Tewq3d.IZx5AKUlGlBxkeAW5d2HJf.pG5BKEW6', NULL);



INSERT INTO `product` (`productID`, `createdAt`, `updatedAt`, `category`, `quantityStored`, `prodName`, `prodDescription`) VALUES
(1,  '2021-01-07 16:56:42', '2021-01-07 16:57:22', 'Kabel', 10, 'GPIO Kabel 26pin Rainbow für Raspberry Pi', '-26pin (2x 13)\r\n- Female (Buchse) <-> Female (Buchse)\r\n- Farbe: Rainbow\r\n- 2,54mm Pinabstand (Pitch)\r\n- Bleifrei sowie RoHs kompatibel'),
(2,  '2021-01-07 16:56:42', '2021-01-07 16:57:22', 'Kabel', 10, '40pin Jumper / Dupont Kabel Female – Female trennbar', 'Mit diesem Jumperkabel kann ein Raspberry Pi, Arduino oder andere Geräte schnell und einfach mit einem Breadboard oder mit Modulen/Sensoren verbunden werden. Das Kabel besteht aus 40 Einzeladern, die auch getrennt werden können.\r\n\r\nTechnische Daten:\r\nKonfiguration: Female - Female (Buchsen - Buchsen)\r\nKabel besteht aus 40 Adern\r\nAdern können auch getrennt werden\r\n2,54mm Pinabstand (Pitch)\r\nAWG 28 Innenleiter'),
(3,  '2021-01-07 16:56:42', '2021-01-07 16:57:22', 'Kabel', 10, '40pin Jumper / Dupont Kabel Set, je 1x F-F / M-M / F-M, 20cm', 'Mit diesem Jumperkabel-Set kann ein Raspberry Pi, Arduino oder andere Geräte schnell und einfach mit einem Breadboard oder mit Modulen/Sensoren verbunden werden. Das Set enthält 3 verschiedene Kabel (Female-Female, Male-Male, Female-Male). Jedes Kabel besteht aus 40 Einzeladern, die auch getrennt werden können.\r\n\r\nTechnische Daten:\r\n3 Kabel im Lieferumfang enthalten:\r\nFemale - Female (Buchsen - Buchsen)\r\nMale - Male (Stecker - Stecker)\r\nFemale - Male (Buchsen - Stecker)\r\nJedes Kabel besteht aus 40 Adern\r\nAdern können auch getrennt werden\r\n2,54mm Pinabstand (Pitch)\r\nInnenleiter: AWG 28 Kupfer\r\nLänge: 20cm'),
(4,  '2021-01-07 16:56:42', '2021-01-07 16:57:22', 'Kabel', 10, '10pin Jumper / Dupont Kabel Female – Testclip trennbar 20cm', 'Mit diesen Dupont-Kabel mit Testclips ist es möglich, einzelne Adern von Kabeln oder Pins an Bauelementen wie ICs, Relais oder ähnlichen abzugreifen und mit einen Raspberry Pi oder einer Stiftleiste zu verbinden.\r\n\r\nTechnische Daten:\r\n- besteht aus 10 Adern\r\n- Female (Buchse) <-> Testclip mit Feder\r\n- Adern können auch getrennt werden\r\n- 2,54mm Pinabstand (Pitch)'),
(5,  '2021-01-07 16:56:42', '2021-01-07 16:57:22', 'Werkzeug', 10, 'Elektronik-Zange, Seitenschneider', 'Seitenschneider in hochwertiger Ausführung.\r\n\r\ngummierte Griffe für sicheren Halt, 2-farbig\r\nfür Elektronik-Arbeiten bestens und Hobby Heimwerker bestens geeignet\r\ngehärteter Stahl\r\nvernickelte und polierte Klingen verhindern Rostbildung\r\npräzises Schneid- / Griff-Werkeug zum sauberen Arbeiten\r\nLänge ca. 110mm und Schnittfläche ca. 11mm'),
(6,  '2021-01-07 16:56:42', '2021-01-07 16:57:22', 'Werkzeug', 10, 'Crimpzange für Aderendhülsen 0,25 - 2,5mm²', '- Crimp-Presszange\r\n- Rückholfeder\r\n- Ergonomischer geformter Griff\r\n- Für Aderendhülsen von 0,25 bis 2,5mm² (0,25/0,5/1,0/1,5/2,0/2,5mm²)\r\n- Lieferumfang: Crimpzange'),
(7,  '2021-01-07 16:56:42', '2021-01-07 16:57:22', 'Werkzeug', 10, 'Kombizange', 'Kombizange zum Crimpen und Abisolieren\r\nmit Kabelschneider\r\n\r\n- für isolierte rote, blaue und gelbe Kabelschuhe\r\n- abisolieren von 0,75 bis 6,0 mm\r\n- Gewinde Abscherer von M 2,6 bis M 5'),
(8,  '2021-01-07 16:56:42', '2021-01-07 16:57:22', 'Werkzeug', 10, '5-tlg. Zangen-Set mit PVC Isolierung', 'Inhalt: Flachzange 125 mm; Seitenschneider 125 mm; Rundzange 125 mm; Telefonzange 45° gebogen 125 mm; Spitzzange 125 mm\r\nLieferung erfolgt in praktischer Nylontasche\r\nhochpräzise Kleinzangen\r\nextra gehärteter Werkzeugstahl für lange Lebensdauer\r\nvernickelte Ausführung\r\nmit doppeltem Federmechanismus\r\nrutschfester, isolierter Griff'),
(9,  '2021-01-07 16:56:42', '2021-01-07 16:57:22', 'Bauteile', 10, '1N4148 - Schaltdiode, THT, 100V, 300mA, DO35', 'Hersteller: VISHAY\r\nDioden-Typ: Schaltdiode\r\nMontage: THT\r\nRückspannung: max. 100V\r\nVorwärtsstrom: 300mA\r\nVorwärtsstrom: max. 2A\r\nGehäuse: DO35'),
(10, '2021-01-07 16:56:42', '2021-01-07 16:57:22', 'Bauteile', 10, 'BC547B - Bipolarer Transistor, NPN, 45V, 100mA, TO-92, 3-pin', 'HerstellerCDIL\r\nTransistor-TypNPN\r\nPolarisierungbipolar\r\nKollektor-Emitter-Spannung45V\r\nKollektor-Emitter-Strom100mA\r\nVerlustleistung500mW\r\nGehäuseTO92\r\nTransistorverstärkung200...450\r\nMontageTHT\r\nFrequenz100MHz'),
(11, '2021-01-07 16:56:42', '2021-01-07 16:57:22', 'Bauteile', 10, 'PN2222ABU - Bipolarer Transistor, NPN, 40V, 1A, 300MHz, HFE:35, TO-92, 3-pin', 'PN2222ABU - Bipolarer Transistor, NPN, 40V, 1A, 300MHz, HFE:35, TO-92, 3-pin'),
(12, '2021-01-07 16:56:42', '2021-01-07 16:57:22', 'Bauteile', 10, 'Miniatur-Summer, 2,3-9V DC, 400Hz, 75dB', 'Miniatur-Summer, 2,3-9V DC, 400Hz, 75dB'),
(13, '2021-01-07 16:56:42', '2021-01-07 16:57:22', 'Bauteile', 10, 'Metallschichtwiderstand, 4,70K Ohm, 0,6W, ±1%, 0207, axial, Durchsteckmontage', 'HerstellerYAGEO\r\nWiderstandstypMetallschicht\r\nMontageDurchsteckmontage\r\nWiderstandswert4.7k?\r\nLeistung0.6W\r\nToleranz±1%\r\nBauform0207\r\nBedrahtungaxial\r\nAusführunggegurtet'),
(14, '2021-01-07 16:56:42', '2021-01-07 16:57:22', 'Zubehör', 10, '10-teiliger Prüfschnur / Verbindungsleitungs Satz mit Krokodilklemmen', 'Farbige Prüfleitungen mit isolierten Krokodilklemmen auf jeder Seite. Ideal zum einfachen und schnellen Aufbau von Schaltungen.\r\n\r\nLänge: 480 mm\r\nBelastbar bis max. 2,5A\r\nInnenleiter: AWG 28\r\nFarben: rot/grün/schwarz/weiß/gelb.\r\nInhalt: 10 Stück farblich sortiert'),
(15, '2021-01-07 16:56:42', '2021-01-07 16:57:22', 'Zubehör', 10, 'Stiftleiste, 2x 13-polig, RM 2,54, gerade', 'Stiftleiste passend für Calliope Mini\r\n\r\nTechnische Daten:\r\n- 2 Pin-Reihen mit je 13 Pins\r\n- 2,54mm Pinabstand (Pitch)\r\n- Pin Höhe: 3 / 6 mm\r\n- Gesamt Höhe: ca. 11 mm\r\n- trennbar nach jedem Pin Paar'),
(16, '2021-01-07 16:56:42', '2021-01-07 16:57:22', 'Zubehör', 10, 'Stiftleiste, 1x 6-polig, RM 2,54, gerade', 'Steckverbinder:Stiftleiste\r\nSteckverbinder-Typ:Stift\r\nSteckverbinder-Art:männlich\r\nAnzahl Pole:6\r\nRäumliche Orientierung:gerade\r\nKontaktraster:2.54mm\r\nElektrische Montage:THT\r\nSteckverbinder-Ausgangssystem:1x6\r\nKontaktbeschichtung:gold flash\r\nAusgangsmaße:L. 3mm'),
(17, '2021-01-07 16:56:42', '2021-01-07 16:57:22', 'Zubehör', 10, 'Unterlegscheibe, Kunstoff, rund, M2,5; D6mm; H0,5mm', 'HerstellerBOSSARD\r\nAbstandshalter TypUnterlegscheibe\r\nUnterlegscheibentyprund\r\nInnendurchmesser2.,7 mm\r\nGewindeM 2,5\r\nAußendurchmesser6 mm\r\nHöhe0,5 mm\r\nMaterialKunststoff\r\nDIN-Norm125A\r\nBN-Norm1074\r\nPN-Norm82006\r\nISO-Norm7089'),
(18, '2021-01-07 16:56:42', '2021-01-07 16:57:22', 'Zubehör', 10, 'Abstandshülse Metal mit Gewinde (Innen/Außen) M2,5', 'HerstellerDremec\r\nAbstandshalter TypAbstandshülse mit Gewinde\r\nInnengewindeM2,5\r\nAbstands-Länge5 - 20 mm\r\nAußengewindeM2,5\r\nMaterialMessing\r\nBeschichtungsmaterialNickel\r\nSchlüsselmaß5 mm'),
(19, '2021-01-07 16:56:42', '2021-01-07 16:57:22', 'Pi-1/2/3/4/Zero', 10, 'Raspberry Pi 1 Modell A+ 512MB RAM', 'Der Raspberry Pi Modell A+ ist eine Computerplatine im Kreditkartenformat, die einsatzfähig ist, sobald Tastatur, Maus, Anzeige, Netzteil und SD-Karte mit installiertem Betriebssystem hinzugefügt werden. Es handelt sich um einen ARM-basierten Miniatur-PC, auf dem viele der Anwendungen laufen können, die normalerweise einen Desktop-PC erfordern, wie Tabellenkalkulation, Textverarbeitung und Spiele. Außerdem spielt er HD-Videos ab. Der Raspberry Pi Modell A+ ist ein Open-Source-Produkt, das auf die Unterstützung internetbasierte Benutzerforen ausgerichtet ist.\r\n\r\nBroadcom BCM2835 700MHz ARM1176JZFS-Prozessor mit FPU und VideoCore IV Dual-Core-GPU\r\nGPU bietet Open GL ES 2.0, OpenVG mit Hardwarebeschleunigung und 1080p30 H.264 High-Profile-Decoding\r\nGPU ermöglicht 1 GPixel/s, 1,5 GTexel/s oder 24 GFLOPs mit Texturfilterung und DMA-Infrastruktur\r\n512 MB SDRAM\r\nHD 1080p-Videoausgang\r\nStereo-Audioausgang\r\nVideo/Audiobuchse HDMI 1.3 und 1.4\r\n4-polige Audio/Composite-Video-OUT-Buchse, 3,5 mm\r\n1 USB 2.0-Buchse\r\n15-poliger MPI CSI-2-Steckverbinder für Raspberry Pi HD-Videokamera\r\n15-poliger serieller Display-Schnittstellensteckverbinder\r\nMicroSD-Kartensteckplatz\r\nWird von MicroSD-Karte gebootet, läuft mit einer Version des Linux-Betriebssystems\r\n40-polige Stiftleiste für GPIO und serielle Busse (kompatibel mit 26-poliger Stiftleiste für Raspberry Pi Modell A/B)\r\nStiftleistenabmessung für JTAG-Steckverbinder\r\nStromversorgung: +5 V @ 2 A über microUSB-Buchse\r\nStromaufnahme: 600mA bis zu 1,8A @ 5V\r\nAbmessungen: 65 x 56 x 17 cm'),
(20, '2021-01-07 16:56:42', '2021-01-07 16:57:22', 'Pi-1/2/3/4/Zero', 10, 'Raspberry Pi 2 Modell B v1.1', 'Version 1.1 mit BCM 2836 Prozessor\r\n\r\nDer Raspberry Pi 2 Modell B bietet eine erhebliche Leistungssteigerung gegenüber seinen Single-Core-Vorgängern: Er ist bis zu sechsmal schneller. Neben einem neuen Quad-Core Cortex-A7-Prozessor verfügt der Raspberry Pi 2 Modell B nun auch über 1 GB RAM-Speicher. Der Betriebssystemkern wurde aktualisiert, um die neueste ARM Cortex-A7-Technologie voll auszuschöpfen, und ist nun mit der neuesten Version 1.4 der Software NOOBS erhältlich (siehe Hinweis unten). Hardware und Software sind weiterhin abwärts kompatibel mit dem Raspberry Pi 1 Modell A+/B+.\r\n\r\n\r\nTechnische Daten\r\n\r\nBroadcom BCM2836 900 MHz ARM Cortex-A7 Quad-Core-Prozessor mit VideoCore IV Dual-Core-GPU\r\nGPU bietet Open GL ES 2.0, OpenVG mit Hardwarebeschleunigung und 1080p30 H.264 High-Profile-Decoding\r\nGPU ermöglicht 1 GPixel/s, 1,5 GTexel/s oder 24 GFLOPs mit Texturfilterung und DMA-Infrastruktur\r\n1 GB LPDDR2 SDRAM\r\nHD 1080p-Videoausgang\r\nComposite-Video-Ausgang (PAL/NTSC) (über 3,5mm Klinkenbuchse)\r\nStereo-Audioausgang\r\nEthernet-Anschluss 10/100 BaseT RJ45\r\nVideo/Audiobuchse HDMI 1.3 und 1.4\r\n4-polige Audio/Composite-Video-OUT-Buchse, 3,5 mm\r\n4 USB 2.0-Buchsen\r\n15-poliger MPI CSI-2-Steckverbinder für Raspberry Pi HD-Videokamera\r\n15-poliger serieller Display-Schnittstellensteckverbinder\r\nMicroSD-Kartensteckplatz\r\nWird von MicroSD-Karte gebootet, läuft mit einer neuen Version des Linux-Betriebssystems\r\n40-polige Stiftleiste für GPIO und serielle Busse (kompatibel mit 26-poliger Stiftleiste für Raspberry Pi 1)\r\nStromversorgung: +5 V @ 2 A über microUSB-Buchse\r\nAbmessungen: 86 x 56 x 20 mm\r\nMade in UK!\r\n\r\nWichtiger Hinweis:\r\n\r\nDer Raspberry Pi 2 Modell B ist nicht lauffähig älteren Images.\r\nEs muss mindestens ein Image vom oder nach dem 02.02.2015 verwendet werden!'),
(21, '2021-01-07 16:56:42', '2021-01-07 16:57:22', 'Pi-1/2/3/4/Zero', 10, 'Raspberry Pi 3 Modell A+', 'Der Raspberry Pi 3 Model A+ ist das neueste Produkt der Raspberry Pi 3 Serie.\r\nWie der Raspberry Pi 3 Model B+ verfügt er über einen 64-Bit Quad-Core-Prozessor mit 1,4 GHz, Dual-Band 2,4 GHz und 5 GHz Wireless LAN sowie Bluetooth 4.2/BLE.\r\n\r\nDer Raspberry Pi 3 Model A+ hat die gleiche mechanische Größe wie der Raspberry Pi 1 Model A+.\r\n\r\nTechnische Daten\r\nProzessor\r\nBroadcom BCM2837B0 Chipsatz\r\n64 bit Quad Core ARM Cortex-A53 @ 1,4 GHz\r\nArbeitsspeicher\r\n512 MB LPDDR2 SDRAM\r\nKonnektivität\r\n2,4 GHz und 5 GHz IEEE 802.11 b/g/n/ac Wireless LAN\r\nBluetooth 4.2 BLE\r\n1x USB 2.0 Anschluss\r\nZugriff\r\n40 Pin GPIO Header\r\nBild & Ton\r\n1x HDMI Typ A Anschluss\r\nMIPI DSI Display Port\r\nMIPI CSI Kamera Port\r\nKombinierte 3,5mm 4-Pin Klinkenbuchse für Analog Audio und Composite Video\r\nMultimedia\r\nH.264, MPEG-4 decode (1080p30)\r\nH.264 encode (1080p30);\r\nOpenGL ES 1.1, 2.0 graphics\r\nSD-Kartenunterstützung\r\nMicro SD Format zum Laden des Betriebssystems und als Datenspeicher\r\nStromversorgung\r\n5V/2,5A DC über Micro USB Typ B Buchse\r\n5V DC über GPIO Header\r\nUmgebung\r\nBetriebstemperatur: 0-50° C\r\nAbmessungen\r\n65 x 56 x 8,5 mm\r\nDurchmesser Bohrungen: 2,75mm\r\n\r\nHinweis:\r\nBitte beachten Sie, dass der Raspberry Pi 3 Modell A+ nicht lauffähig ist, mit Images vor dem 11.10.2018!'),
(22, '2021-01-07 16:56:42', '2021-01-07 16:57:22', 'Pi-1/2/3/4/Zero', 10, 'Raspberry Pi 3 Modell B+', 'Der Raspberry Pi 3 Model B+ ist die neuste Version des Raspberry Pi 3 Modell B.\r\n\r\nMehr Prozessorgeschwindigkeit. Die 4 Kern CPU des Modell B+ arbeitet mit 1,4 GHz ca. 20% schneller als beim Raspberry Pi 3 Modell B.\r\n\r\nVerbesserung der Netzwerkfunktionalität. Das Modell 3 B+ besitzt zusätzlich zum 2,4 GHz Wireless LAN nun auch die Möglichkeit mit 5 GHz WLAN Netzwerken zu kommunizieren. Des weiteren ist die Platine mit einem Gigabit Ethernet Port und dem Bluetooth Standard 4.2/BLE ausgestattet.\r\n\r\nPoE ready. Über ein optional erhältliches PoE HAT ist der Raspberry Pi Modell B+ bereit über den Ethernet Port mit Strom versorgt zu werden.\r\n\r\n\r\nTechnische Daten\r\n\r\nProzessor\r\nBroadcom BCM2837B0 Chipsatz\r\n64 bit Quad Core ARM Cortex-A53 @ 1,4 GHz\r\nArbeitsspeicher\r\n1 GB LPDDR2\r\nKonnektivität\r\n2,4 GHz und 5 GHz IEEE 802.11 b/g/n/ac Wireless LAN\r\nBluetooth 4.2 BLE\r\nGigabit Ethernet (Über USB 2.0 Bridge, maximaler Datendurchsatz limitiert auf 300 Mbps)\r\n4x USB 2.0 Anschluss\r\nZugriff\r\n40 Pin GPIO Header\r\nBild & Ton\r\n1x HDMI Typ A Anschluss\r\nMIPI DSI Display Port\r\nMIPI CSI Kamera Port\r\nKombinierte 3,5mm 4-Pin Klinkenbuchse für Analog Audio und Composite Video\r\nMultimedia\r\nH.264, MPEG-4 decode (1080p30); H.264 encode (1080p30); OpenGL ES 1.1, 2.0 graphics\r\nSD-Kartenunterstützung\r\nMicro SD Format zum Laden des Betriebssystems und als Datenspeicher\r\nStromversorgung\r\n5V/2,5A DC über Micro USB Typ B Buchse\r\n5V DC über GPIO Header\r\nPower over Ethernet (PoE) - erfordert ein optional erhältliches PoE HAT\r\nAbmessungen\r\n85 x 56 x 17 mm\r\nDurchmesser Bohrungen: 2,75mm\r\n\r\nHinweis:\r\nBitte beachten Sie, dass der Raspberry Pi 3 Modell B+ nicht lauffähig ist mit Images vor dem 13.03.2018!'),
(23, '2021-01-07 16:56:42', '2021-01-07 16:57:22', 'Pi-1/2/3/4/Zero', 10, 'Raspberry Pi 4 Computer Modell B, 2GB RAM', 'Raspberry Pi 4 Model B ist das neueste Produkt der beliebten Raspberry Pi Computerfamilie. Im Vergleich zur Vorgängergeneration Raspberry Pi 3 Model B+ bietet es bahnbrechende Steigerungen bei Prozessorgeschwindigkeit, Multimedia-Performance, Speicher und Konnektivität, während die Abwärtskompatibilität und der ähnliche Stromverbrauch erhalten bleiben. Für den Endanwender bietet Raspberry Pi 4 Model B eine Desktop-Leistung, die mit x86-PC-Systemen der Einstiegsklasse vergleichbar ist.\r\n\r\nZu den wichtigsten Merkmalen dieses Produkts gehören ein leistungsstarker 64-Bit-Vierkernprozessor, Dual-Display-Unterstützung mit Auflösungen bis zu 4K über zwei Micro-HDMI-Ports, Hardware-Video-Dekodierung mit bis zu 4Kp60, bis zu 4GB RAM, Dual-Band 2,4/5,0 GHz Wireless LAN, Bluetooth 5.0, Gigabit Ethernet, USB 3.0 und PoE-Fähigkeit (über ein separates PoE HAT Add-on).\r\n\r\nTechnische Daten\r\nProzessor\r\nBroadcom BCM2711 Chipsatz\r\n64 bit Quad Core ARM v8 Cortex-A72 @ 1,5 GHz\r\nArbeitsspeicher\r\n2 GB LPDDR4\r\nKonnektivität\r\n2,4 GHz und 5 GHz IEEE 802.11 b/g/n/ac Wireless LAN\r\nBluetooth 5.0 BLE\r\nGigabit Ethernet\r\n2x USB 3.0 Anschluss\r\n2x USB 2.0 Anschluss\r\nZugriff\r\n40 Pin GPIO Header (vollständig rückwärtskompatibel zu früheren Boards)\r\nBild & Ton\r\n2x micro HDMI Typ D Anschluss (bis zu 4K@60 Hz Support)\r\nMIPI DSI Display Port\r\nMIPI CSI Kamera Port\r\nKombinierte 3,5mm 4-Pin Klinkenbuchse für Analog Audio und Composite Video\r\nMultimedia\r\nH.265 (4Kp60 Dekodierung) / HEVC\r\nH.264 (1080p60 Dekodierung; 1080p30 Enkodierung)\r\nOpenGL ES, 3.0 Grafik\r\nSD-Kartenunterstützung\r\nMicro SD Format zum Laden des Betriebssystems und als Datenspeicher\r\nStromversorgung\r\n5V/3,0A DC über USB Type C Buchse - (Ein qualitativ hochwertiges 2,5A-Netzteil vom Raspberry Pi 3 / 3B+ kann mittels Adapter (siehe unter Zubehör) verwendet werden, wenn nachgeschaltete USB-Peripheriegeräte insgesamt weniger als 500mA verbrauchen.)\r\n5V DC über GPIO Header\r\nPower over Ethernet (PoE) - erfordert ein optional erhältliches PoE HAT\r\nAbmessungen\r\n85 x 56 x 16 mm\r\nDurchmesser Bohrungen: 2,75mm\r\n\r\nHinweis:\r\nBitte beachten Sie, dass der Raspberry Pi 4 nicht lauffähig ist mit Images vor dem 24. Juni 2019!'),
(24, '2021-01-07 16:56:42', '2021-01-07 16:57:22', 'Pi-1/2/3/4/Zero', 10, 'Raspberry Pi 4 Computer Modell B, 4GB RAM', 'Raspberry Pi 4 Model B ist das neueste Produkt der beliebten Raspberry Pi Computerfamilie. Im Vergleich zur Vorgängergeneration Raspberry Pi 3 Model B+ bietet es bahnbrechende Steigerungen bei Prozessorgeschwindigkeit, Multimedia-Performance, Speicher und Konnektivität, während die Abwärtskompatibilität und der ähnliche Stromverbrauch erhalten bleiben. Für den Endanwender bietet Raspberry Pi 4 Model B eine Desktop-Leistung, die mit x86-PC-Systemen der Einstiegsklasse vergleichbar ist.\r\n\r\nZu den wichtigsten Merkmalen dieses Produkts gehören ein leistungsstarker 64-Bit-Vierkernprozessor, Dual-Display-Unterstützung mit Auflösungen bis zu 4K über zwei Micro-HDMI-Ports, Hardware-Video-Dekodierung mit bis zu 4Kp60, bis zu 4GB RAM, Dual-Band 2,4/5,0 GHz Wireless LAN, Bluetooth 5.0, Gigabit Ethernet, USB 3.0 und PoE-Fähigkeit (über ein separates PoE HAT Add-on).\r\n\r\nTechnische Daten\r\nProzessor\r\nBroadcom BCM2711 Chipsatz\r\n64 bit Quad Core ARM v8 Cortex-A72 @ 1,5 GHz\r\nArbeitsspeicher\r\n4 GB LPDDR4\r\nKonnektivität\r\n2,4 GHz und 5 GHz IEEE 802.11 b/g/n/ac Wireless LAN\r\nBluetooth 5.0 BLE\r\nGigabit Ethernet\r\n2x USB 3.0 Anschluss\r\n2x USB 2.0 Anschluss\r\nZugriff\r\n40 Pin GPIO Header (vollständig rückwärtskompatibel zu früheren Boards)\r\nBild & Ton\r\n2x micro HDMI Typ D Anschluss (bis zu 4K@60 Hz Support)\r\nMIPI DSI Display Port\r\nMIPI CSI Kamera Port\r\nKombinierte 3,5mm 4-Pin Klinkenbuchse für Analog Audio und Composite Video\r\nMultimedia\r\nH.265 (4Kp60 Dekodierung) / HEVC\r\nH.264 (1080p60 Dekodierung; 1080p30 Enkodierung)\r\nOpenGL ES, 3.0 Grafik\r\nSD-Kartenunterstützung\r\nMicro SD Format zum Laden des Betriebssystems und als Datenspeicher\r\nStromversorgung\r\n5V/3,0A DC über USB Type C Buchse - (Ein qualitativ hochwertiges 2,5A-Netzteil vom Raspberry Pi 3 / 3B+ kann mittels Adapter (siehe unter Zubehör) verwendet werden, wenn nachgeschaltete USB-Peripheriegeräte insgesamt weniger als 500mA verbrauchen.)\r\n5V DC über GPIO Header\r\nPower over Ethernet (PoE) - erfordert ein optional erhältliches PoE HAT\r\nAbmessungen\r\n85 x 56 x 16 mm\r\nDurchmesser Bohrungen: 2,75mm\r\n\r\nHinweis:\r\nBitte beachten Sie, dass der Raspberry Pi 4 nicht lauffähig ist mit Images vor dem 24. Juni 2019!'),
(25, '2021-01-07 16:56:42', '2021-01-07 16:57:22', 'Pi-1/2/3/4/Zero', 10, 'Raspberry Pi 4 Computer Modell B, 8GB RAM', 'Raspberry Pi 4 Model B ist das neueste Produkt der beliebten Raspberry Pi Computerfamilie. Im Vergleich zur Vorgängergeneration Raspberry Pi 3 Model B+ bietet es bahnbrechende Steigerungen bei Prozessorgeschwindigkeit, Multimedia-Performance, Speicher und Konnektivität, während die Abwärtskompatibilität und der ähnliche Stromverbrauch erhalten bleiben. Für den Endanwender bietet Raspberry Pi 4 Model B eine Desktop-Leistung, die mit x86-PC-Systemen der Einstiegsklasse vergleichbar ist.\r\n\r\nZu den wichtigsten Merkmalen dieses Produkts gehören ein leistungsstarker 64-Bit-Vierkernprozessor, Dual-Display-Unterstützung mit Auflösungen bis zu 4K über zwei Micro-HDMI-Ports, Hardware-Video-Dekodierung mit bis zu 4Kp60, bis zu 8GB RAM, Dual-Band 2,4/5,0 GHz Wireless LAN, Bluetooth 5.0, Gigabit Ethernet, USB 3.0 und PoE-Fähigkeit (über ein separates PoE HAT Add-on).\r\n\r\nTechnische Daten\r\nProzessor\r\nBroadcom BCM2711 Chipsatz\r\n64 bit Quad Core ARM v8 Cortex-A72 @ 1,5 GHz\r\nArbeitsspeicher\r\n8 GB LPDDR4\r\nKonnektivität\r\n2,4 GHz und 5 GHz IEEE 802.11 b/g/n/ac Wireless LAN\r\nBluetooth 5.0 BLE\r\nGigabit Ethernet\r\n2x USB 3.0 Anschluss\r\n2x USB 2.0 Anschluss\r\nZugriff\r\n40 Pin GPIO Header (vollständig rückwärtskompatibel zu früheren Boards)\r\nBild & Ton\r\n2x micro HDMI Typ D Anschluss (bis zu 4K@60 Hz Support)\r\nMIPI DSI Display Port\r\nMIPI CSI Kamera Port\r\nKombinierte 3,5mm 4-Pin Klinkenbuchse für Analog Audio und Composite Video\r\nMultimedia\r\nH.265 (4Kp60 Dekodierung) / HEVC\r\nH.264 (1080p60 Dekodierung; 1080p30 Enkodierung)\r\nOpenGL ES, 3.0 Grafik\r\nSD-Kartenunterstützung\r\nMicro SD Format zum Laden des Betriebssystems und als Datenspeicher\r\nStromversorgung\r\n5V/3,0A DC über USB Type C Buchse - (Ein qualitativ hochwertiges 2,5A-Netzteil vom Raspberry Pi 3 / 3B+ kann mittels Adapter (siehe unter Zubehör) verwendet werden, wenn nachgeschaltete USB-Peripheriegeräte insgesamt weniger als 500mA verbrauchen.)\r\n5V DC über GPIO Header\r\nPower over Ethernet (PoE) - erfordert ein optional erhältliches PoE HAT\r\nAbmessungen\r\n85 x 56 x 16 mm\r\nDurchmesser Bohrungen: 2,75mm\r\n\r\nHinweis:\r\nBitte beachten Sie, dass der Raspberry Pi 4 nicht lauffähig ist mit Images vor dem 24. Juni 2019!'),
(26, '2021-01-07 16:56:42', '2021-01-07 16:57:22', 'Pi-1/2/3/4/Zero', 10, 'Raspberry Pi Zero WH', 'Der Raspberry Pi Zero WH ist eine alternative Version des Raspberry Pi Zero W und kommt zusätzlich mit bestückter GPIO Stiftleiste. So ist kein Löten mehr erforderlich.\r\n\r\nTechnische Daten\r\nBCM 2835 SOC @ 1GHz\r\n512MB RAM\r\nOn-board Wireless LAN - 2.4 GHz 802.11 b/g/n (BCM43438)\r\nOn-board Bluetooth 4.1 + HS Low-energy (BLE) (BCM43438)\r\nmicro-SD Slot\r\nmini-HDMI Typ C Anschluss\r\n1x micro-B USB für Daten\r\n1x micro-B USB für Stromversorgung\r\nCSI Camera Connector (benötigt ein separat erhältliches Adapterkabel)\r\nBestückter 40-Pin GPIO Connector\r\nKompatibel mit vorhanden pHAT/HAT Add-On Boards\r\nAbmessungen: 65 x 30 x 5mm\r\n\r\nHinweis\r\nBitte beachten Sie das der Raspberry Pi Zero keine Funktion ohne eine bespielte SD Karte zeigt!\r\nImages die im Raspberry Pi 2/3 oder Zero (ohne W) laufen, sind unter Umständen nicht mit dem Pi Zero kompatibel.\r\nEs wird mindestens NOOBS in Version 2.2.0 (vom 27. Februar 2017) oder Raspbian 2017-02-27 oder Neuer benötigt.'),
(27, '2021-01-07 16:56:42', '2021-01-07 16:57:22', 'Pi-1/2/3/4/Zero', 10, 'Raspberry Pi Zero W', 'Der Raspberry Pi Zero W ist der Nachfolger des beliebten Raspberry Pi Zero und bietet zusätzlich zum Vorgänger nun On-Board WLAN und Bluetooth.\r\nÜber einen Mini HDMI, micro USB OTG und dem gleichen 40 PIN GPIO Anschluss wie sein großer Bruder, hat der Pi Zero alles für optimale Connectivity an Board.\r\n\r\nTechnische Daten\r\nBCM 2835 SOC @ 1GHz\r\n512MB RAM\r\nOn-board Wireless LAN - 2.4 GHz 802.11 b/g/n (BCM43438)\r\nOn-board Bluetooth 4.1 + HS Low-energy (BLE) (BCM43438)\r\nmicro-SD Slot\r\nmini-HDMI Typ C Anschluss\r\n1x micro-B USB für Daten\r\n1x micro-B USB für Stromversorgung\r\nCSI Camera Connector (benötigt ein separat erhältliches Adapterkabel)\r\nUnbestückter 40-Pin GPIO Connector\r\nKompatibel mit vorhanden pHAT/HAT Add-On Boards\r\nAbmessungen: 65 x 30 x 5mm\r\n\r\nHinweis\r\nBitte beachten Sie das der Raspberry Pi Zero keine Funktion ohne eine bespielte SD Karte zeigt!\r\nImages die im Raspberry Pi 2/3 oder Zero (ohne W) laufen, sind unter Umständen nicht mit dem Pi Zero kompatibel.\r\nEs wird mindestens NOOBS in Version 2.2.0 (vom 27. Februar 2017) oder Raspbian 2017-02-27 oder Neuer benötigt.'),
(28, '2021-01-07 16:56:42', '2021-01-07 16:57:22', 'Gehäuse', 10, 'Argon ONE M.2 Case für Raspberry Pi 4', 'Sauberes, stilisiertes Design\r\nDas Argon One Case ist eines der ergonomischsten und ästhetischsten Gehäuse für den Raspberry Pi. Hergestellt aus Aluminiumlegierung und poliert mit grauer Oberfläche, lässt das Gehäuse den Raspberry Pi modern, schlank und stilvoll aussehen. Sein minimalistisches Design hält Kabel in einem Bereich und bietet eine hervorragende Kühlung mit richtig platzierten Lüftungsschlitzen.\r\n\r\nPlatz für eine M.2 SSD\r\nIn diesem Gehäuse haben Sie Platz für eine M2 Festplatte und können diese direkt über USB 3.0 mit dem Raspberry Pi verbinden.\r\nHinweis: Nur kompatibel mit SATA M.2 SSDs des Typs NGFFF Key B oder Key B+M. PCI NVME SSDs werden nicht unterstützt.\r\n\r\nPerfekte Kühlung\r\nDas Gehäuse aus Aluminiumlegierung lässt den Pi nicht nur cool aussehen, sondern kühlt auch perfekt. Das Gehäuse verfügt über eine Verlängerung, die mit dem Prozessor mit einem thermischen Kühlpad verbunden ist, so dass die Wärme vom Prozessor auf das Gehäuse übertragen wird. Das bedeutet, dass das Gehäuse zu einem Kühlkörper wird, der den Raspberry Pi passiv kühlt, so dass der Pi arbeiten kann, ohne viel Wärme aufzubauen. Darüber hinaus wird das Gehäuse mit einer integrierten Leiterplatte mit einem Lüfter geliefert, der außerdem aktiv weiter kühlt. Diese beiden Kühlsysteme kombiniert garantieren einen langlebigen Betrieb ohne Überhitzung. Die Lüfterdrehzahl kann jederzeit über das Terminal konfiguriert werden, ebenso wie die Bedingungen für eine passive Änderung der Lüfterdrehzahl.\r\n\r\nMinimale Unordnung\r\nAlle Anschlüsse des Raspberry Pi sind mittels eines Adapterboards auf der Rückseite zugänglich, um sicherzustellen, dass der Kabelsalat so aufgeräumt wie möglich ist.\r\n\r\nEinfach zu montieren\r\nZu dem Gehäuse gehören eine Ober- und Unterseite, 4 Schrauben, eine eingebaute Leiterplatte, ein Silikon-Kühlpad und eine Leiterplatte, die die Audio- und Mikro-HDMI-Anschlüsse erweitert.\r\nDer Zusammenbau der Teile ist einfach und intuitiv. Alles, was benötigt wird, ist ein Kreuzschlitzschraubendreher um die Schrauben am Boden des Gehäuses anzuziehen. Es sind keinerlei Spezialwerkzeuge erforderlich. Nach der Montage des Raspberry Pi und der Installation des Betriebssystems auf der SD-Karte muss ein einzeiliges Skript in das Terminal eingegeben werden, damit der Netzschalter und der Lüfter verwendet werden können.\r\n\r\nZugängliche GPIO-Pins\r\nDas Gehäuse wurde für den perfekten Schutz des Raspberry Pi entwickelt, jedoch ohne die volle Funktionalität zu beeinträchtigen. Die eingebaute Leiterplatte erweitert die GPIO-Pins des Raspberry Pi und sorgt zudem durch die Farbige Kodierung und zusätzliche Beschriftung für einfaches Prototypen. Wenn die Pins nicht verwendet werden, sind sie abgedeckt und durch ein magnetisch abnehmbares Oberteil geschützt. Dadurch sind die Pins jederzeit zugänglich und der Pi kann in verschiedenen Elektronikprojekten eingesetzt werden.\r\n\r\nSicherer Netzschalter\r\nDas Gehäuse wird mit einem einfachen Netzschalter geliefert, um den Raspberry Pi ein- und auszuschalten und gleichzeitig sicherzustellen, dass die gespeicherten Dateien sicher sind. Wenn das einzeilige Skript installiert ist, verfügt der Power-Button über mehrere Funktionen, je nachdem, wie die Taste gedrückt wird.\r\n\r\nPassend für\r\nRaspberry Pi 4 Modell B\r\n\r\nLieferung erfolgt ohne Raspberry Pi!'),
(29, '2021-01-07 16:56:42', '2021-01-07 16:57:22', 'Gehäuse', 10, 'Full Armor Gehäuse für Raspberry Pi 4, titanium grau', 'Dieses Gehäuse aus Aluminium umschließt den Raspberry Pi 4 vollständig und sorgt somit für einen perfekten Temperaturausgleich. Ideal wenn der Raspberry Pi im Dauerbetrieb genutzt werden soll.\r\n\r\nEigenschaften\r\nVollständig aus Aluminium gefertigt\r\nStabiler Aufbau durch Verschraubung\r\n2 Stempel berühren mittels Wäremleitpads Prozessor und RAM Baustein und nehmen somit die Hitze auf\r\nAusschließlich passend für Raspberry Pi 4\r\nLieferumfang: Gehäuse, Schrauben, Wäremleitpads, Inbusschlüssel\r\nAbmessungen: ca. 90 x 64 x 32 mm\r\n\r\nLieferung ohne Raspberry Pi'),
(30, '2021-01-07 16:56:42', '2021-01-07 16:57:22', 'Gehäuse', 10, 'Gehäuse \"Candy Bar\" für Raspberry Pi Zero - schwarz', 'Eigenschaften\r\nschlichtes, passendes Gehäuse für Raspberry Pi Zero\r\nalle Anschlüsse sind frei zugänglich\r\nSpeicherkarte lässt sich im eingebauten Zustand wechseln\r\nsichere Montage des Raspberry Pi Zero durch mitgelieferte Schrauben\r\nEinfache Montage\r\n\r\nPassend für\r\nRaspberry Pi Zero v1.1\r\nRaspberry Pi Zero v1.3\r\nRaspberry Pi Zero W\r\nRaspberry Pi Zero WH\r\n\r\nHinweis: Der Raspberry Pi dient nur zur Präsentation und ist nicht im Lieferumfang enthalten!'),
(31, '2021-01-07 16:56:42', '2021-01-07 16:57:22', 'Gehäuse', 10, 'Gehäuse für Raspberry Pi 3B+, 3B, 2B, 1B+', 'Professionelles Gehäuse für Raspberry Pi\r\n3 teiliges Gehäuse\r\neinfache, werkzeugfreie Clip-in Montage\r\nAusschnitte für alle Anschlüsse\r\nAusschnitte unter dem Deckel erlauben Flachbandkabel den externen Zugriff auf GPIO und Kamera / Display-Anschluss\r\nGehäuse bietet ohne Deckel genug Platz für Erweiterungsboards\r\nZwei Befeistigungspunkte für ein Raspberry Pi Camera Modul\r\nLüftungsöffnungen auf der Ober- und Unterseite\r\nHochwertiges ABS-Kunststoff (UL94HB Standard)\r\nAnti-Rutsch Füße auf der Unterseite\r\nAbmessungen: 93,74 x 62,6 x 31,5 mm\r\n\r\n\r\nPassend für\r\nRaspberry Pi B+\r\nRaspberry Pi 2 Modell B\r\nRaspberry Pi 3 Modell B\r\nRaspberry Pi 3 Modell B+'),
(32, '2021-01-07 16:56:42', '2021-01-07 16:57:22', 'Barebones', 10, 'Intel® NUC Kit NUC8i5BEH2, Barebone', 'Das Intel® Next Unit of Computing NUC Kit NUC8i3BEH2 bietet beeindruckende Grafikfunktionen und reaktionsschnelle Leistung im Taschenformat. Das mit einem Intel® Core™ i5-8259U Prozessor (2,30 GHz) ausgestattete NUC stellt eine voll skalierbare und umfassende Recheneinheit im kleinstmöglichen Format bereit. Noch beeindruckender ist nur die Tatsache, dass ein derart kleines Produkt so viel Leistung in einem flexiblen und anpassbaren Format liefern kann.\r\n\r\n\r\n\r\nArt-Nr. GLIL89\r\n\r\nTypBarebone\r\nFarbegrau/schwarz\r\nEAN5032037133791\r\nHersteller-Nr.BOXNUC8I5BEH2\r\nSerieNUC\r\nGehäuseLaufwerksschächte2,5\" intern1\r\nFormfaktorHTPC\r\nProzessorBezeichnungIntel® Core™ i5-8259U\r\nAnzahl Prozessorkerne4 Kerne\r\nAnzahl Threads8\r\nTaktfrequenz2300 MHz\r\nBoost-Takt3800 MHz\r\nCacheL36144 KB\r\nSockel-Typ1528\r\nArbeitsspeicherKapazitätmax. unterstützt32 GB DDR 4 (davon 32 GB austauschbar)\r\nTypDDR 4 (2400 MHz)\r\nSpeichersteckplätze2 Speicherbänke\r\nSO-DIMMJa\r\nGrafikTypIntel® Iris Plus Graphics 655\r\nAnschlüsse1x HDMI\r\nMainboardAnschlüsse1x RJ-45, 4x USB-A 3.2 (10 Gbit/s), 1x USB-C 3.2 (10 Gbit/s)\r\nHinweis:Die Bezeichnung USB 3.2 Gen 2 entspricht den früheren Bezeichnungen USB 3.1 Gen 2 bzw. USB 3.1.\r\nSchnittstellen2x M.2, 1x SATA 6 Gb/S\r\nKartenlesermicroSDXC\r\nOptische LaufwerkeTypnicht vorhanden\r\nAudioChipsatz7.1 digital\r\nAnschlüsse1x Kopfhörer/Mikrofon-Kombi-Anschluss\r\nKonnektivitätLANLAN 10/100/1000 MBit/s\r\nWLANWi-Fi 5 (802.11ac)\r\nBluetoothBluetooth 5.0\r\nNetzteilLeistung65 Watt\r\nBetriebssystemohne Betriebssystem\r\nHinweisKaltgerätekabel: Typ-C-Kabel (EU)\r\nWeitere Informationen1x SATA 6Gb/​s, 1x M.2/​M-Key (PCIe 3.0 x4/​SATA, 2280/​2242) | 1x M.2/​E-Key (PCIe, 2230, belegt mit WiFi+BT-Modul) | VESA-Halterung: 75x75/​100x100\r\nFeatureSicherheitsschloss (Kensington) | Infrarot-Sensor\r\nAbmessungenBreite: 117 mm x Höhe: 51 mm x Tiefe/Länge: 112 mm\r\nGewicht1,3 kg'),
(33, '2021-01-07 16:56:42', '2021-01-07 16:57:22', 'Barebones', 10, 'Intel® NUC 10 Leistungs-Kit - NUC10i7FNK2, Barebone', 'Das Intel® NUC 10 Leistungs-Kit - BXNUC10I7FNK2 bietet beeindruckende Grafikfunktionen und reaktionsschnelle Leistung im Taschenformat. Das mit einem Intel® Core™ i7-10710U Prozessor 1,1 GHz) ausgestattete NUC 10 stellt eine voll skalierbare und umfassende Recheneinheit im kleinstmöglichen Format bereit. Noch beeindruckender ist nur die Tatsache, dass ein derart kleines Produkt so viel Leistung in einem flexiblen und anpassbaren Format liefern kann.\r\n\r\n\r\n\r\nArt-Nr. GLIL1F\r\n\r\nTypBarebone\r\nFarbegrau/schwarz\r\nEAN5032037172578\r\nHersteller-Nr.BXNUC10I7FNK2\r\nSerieNUC 10\r\nGehäuseFormfaktorHTPC\r\nProzessorBezeichnungIntel® Core™ i7-10710U\r\nAnzahl Prozessorkerne6 Kerne\r\nAnzahl Threads12\r\nTaktfrequenz1100 MHz\r\nBoost-Takt4700 MHz\r\nCacheL312288 KB\r\nSockel-Typ1151\r\nArbeitsspeicherKapazitätmax. unterstützt64 GB DDR 4 (davon 64 GB austauschbar)\r\nTypDDR 4 (2666 MHz)\r\nSpeichersteckplätze2 Speicherbänke\r\nSO-DIMMJa\r\nGrafikTypIntel® UHD Graphics\r\nAnschlüsse1x HDMI (HDMI Version: 2.0a)\r\nMainboardAnschlüsse1x RJ-45, 1x Thunderbolt 3, 3x USB-A 3.2 (10 Gbit/s), 2x USB-C 3.2 (10 Gbit/s)\r\nHinweis:Die Bezeichnung USB 3.2 Gen 2 entspricht den früheren Bezeichnungen USB 3.1 Gen 2 bzw. USB 3.1.\r\nSchnittstellen1x M.2, 2x SATA 6 Gb/S\r\nKartenleserSDXC\r\nOptische LaufwerkeTypnicht vorhanden\r\nAudioChipsatz7.1 digital\r\nIntegriertes Mikrofonvorhanden\r\nAnschlüsse1x Kopfhörer/Mikrofon-Kombi-Anschluss\r\nKonnektivitätLANLAN 10/100/1000 MBit/s\r\nWLANWi-Fi 6 (802.11ax)\r\nBluetoothvorhanden\r\nNetzteilLeistung90 Watt\r\nBetriebssystemohne Betriebssystem\r\nSchutzfunktionenGegen DiebstahlBuchse für Kabelschloss der Marke Kensington\r\nHinweisKaltgerätekabel: Typ-C-Kabel (EU)\r\nWeitere InformationenInfrarot-Sensor | 1x Grafikanschluss über USB-C (DP1.2)\r\nFeatureIntel® Optane™ Speicher wird unterstützt | Intel® Directed-I/O-Virtualisierungstechnik (VT-d) | Intel® HD-Audio-Technik | Intel® Rapid-Storage-Technologie | Intel® Virtualisierungstechnik (VT-x) | Intel® Platform Trust Technology (Intel® PTT) | Intel® AES New Instructions\r\nAbmessungenBreite: 117 mm x Höhe: 38 mm x Tiefe/Länge: 112 mm\r\nGewicht1,3 kg'),
(34, '2021-01-07 16:56:42', '2021-01-07 16:57:22', 'Barebones', 10, 'Shuttle XPC cube SH370R6V2, Barebone', 'Das Shuttle XPC cube Barebone SH370R6V2 zeigt, wie dezent und leistungsstark ein moderner PC aussieht. Sein Aluminiumgehäuse mit gebürsteter, schwarzer Oberfläche hat ein Volumen von lediglich 14 Litern, bringt dabei aber alles mit, was man zum Konfigurieren von beispielsweise einer Workstation braucht - die Performance von Intel® Prozessoren der 8./9. Generation \"Coffee Lake\", Dual-Slot PCI-Express-Grafikkarte, schneller M.2 NVMe-SSD, zwei 3,5\"-Festplatten im RAID-Verbund und bis zu 128 GB DDR4-Speicher samt Blu-ray-Laufwerk. Selbst ohne PCIe-Grafikkarte werden bereits optional bis zu drei UHD-Displays gleichzeitig unterstützt\r\n\r\n\r\n\r\nArt-Nr. SBNV15\r\n\r\nTypBarebone\r\nFarbeschwarz\r\nEAN0887993002668\r\nHersteller-Nr.PC-SH370R631\r\nSerieXPC cube\r\nGehäuseLaufwerksschächte5,25\" extern1\r\n3,5\" extern1\r\n3,5\" intern1\r\nFormfaktorMini-Tower\r\nProzessorSockel-Typ1151 v2\r\nChipsatzIntel® H370\r\nArbeitsspeicherKapazitätmax. unterstützt128 GB DDR 4 (davon 128 GB austauschbar)\r\nTypDDR 4 (2666 MHz)\r\nSpeichersteckplätze4 Speicherbänke\r\nMainboardAnschlüsse2x RJ-45, 2x USB-A 2.0, 4x USB-A 3.2 (5 Gbit/s), 4x USB-A 3.2 (10 Gbit/s), 2x DisplayPort-Out (DisplayPort Version: 1.2), 1x HDMI-Out\r\nHinweis:Die Bezeichnung USB 3.2 Gen 1 entspricht den früheren Bezeichnungen USB 3.1 Gen 1 bzw. USB 3.0.\r\nDie Bezeichnung USB 3.2 Gen 2 entspricht den früheren Bezeichnungen USB 3.1 Gen 2 bzw. USB 3.1.\r\nHinweis:Die am Mainboard befindlichen Grafikanschlüsse sind nur bei Prozessoren mit integrierter Grafikeinheit verwendbar.\r\nSteckplätze1x PCIe x4 (Version 3.0), 1x PCIe x16 (Version 3.0)\r\nSchnittstellen2x M.2, 4x SATA 6 Gb/S\r\nOptische LaufwerkeTypnicht vorhanden\r\nAudioChipsatzRealtek ALC662\r\nAnschlüsse2x Mikrofon, 1x Line-In, 1x Line-Out, 1x Kopfhörer\r\nBesonderheiten5.1-Kanal\r\nKonnektivitätLANLAN 10/100/1000 MBit/s\r\nNetzteilBauartintern\r\nLeistung500 Watt\r\nBetriebssystemohne Betriebssystem\r\nSchutzfunktionenGegen DiebstahlBuchse für Kabelschloss der Marke Kensington\r\nHinweisIn diesem Barebone-System sind CPU, Arbeitsspeicher, Festplatte, CD-/DVD-Laufwerke, Floppy, Betriebssystem, Maus und Tastatur nicht enthalten!\r\nWeitere Informationen13,6 Liter Gehäuse | 1x M.2 2280M SSD-Steckplatz, 1x M.2 2230E-Steckplatz für WLAN-Karten\r\nFeatureIntel® Optane™ Ready | Unterstützt bis zu drei Displays\r\nZubehörvorhanden2x Serial-ATA Laufwerkskabel, 230V-Netzkabel (mit Schutzkontakt), Wärmeleitpaste, Schutzkappe für den CPU-Sockel, Tüte mit Schrauben\r\nAbmessungenBreite: 215 mm x Höhe: 190 mm x Tiefe/Länge: 332 mm\r\nGewicht4,5 kg'),
(35, '2021-01-07 16:56:42', '2021-01-07 16:57:22', 'Barebones', 10, 'ASUS PN40-BBC613MC, Barebone', 'Der ASUS PN40-BBC613MC ist mit einem Intel® Celeron® J4025 Prozessor (2,0 GHz) ausgestattet. Dieser Barebone eignet sich optimal für den alltäglichen Einsatz und lässt sich aufgrund des mitgelieferten VESA-Mounting-Kits elegant in den Arbeitsplatz integrieren. Der ASUS PN40-BBC613MC bietet zwei Einbauplätze für DDR4 SO-DIMM Speichermodule und eine Einbaumöglichkeit für M.2 SSDs sowie für SATA 6Gb/​s Laufwerke.\r\n\r\n\r\n\r\nArt-Nr. S1IAB0\r\n\r\nTypBarebone\r\nFarbeschwarz\r\nEAN4718017806190\r\nHersteller-Nr.90MS0181-M06130\r\nSeriePN40\r\nGehäuseFormfaktorHTPC\r\nProzessorBezeichnungIntel® Celeron® J4025\r\nAnzahl Prozessorkerne2 Kerne\r\nAnzahl Threads2\r\nTaktfrequenz2000 MHz\r\nBoost-Takt2900 MHz\r\nCacheL34096 KB\r\nSockel-Typ1090\r\nArbeitsspeicherTypDDR 4 (2400 MHz)\r\nSpeichersteckplätze2 Speicherbänke\r\nSO-DIMMJa\r\nGrafikTypIntel® UHD Graphics 600\r\nAnschlüsse1x Mini DisplayPort, 1x HDMI (HDMI Version: 2.0)\r\nMainboardAnschlüsse1x RJ-45, 1x USB-A 2.0, 3x USB-A 3.2 (5 Gbit/s), 1x USB-C 3.2 (5 Gbit/s)\r\nHinweis:Die Bezeichnung USB 3.2 Gen 1 entspricht den früheren Bezeichnungen USB 3.1 Gen 1 bzw. USB 3.0.\r\nSchnittstellen1x M.2, 1x SATA 6 Gb/S\r\nOptische LaufwerkeTypnicht vorhanden\r\nAudioAnschlüsse1x Line-Out\r\nKonnektivitätLANLAN 10/100/1000 MBit/s\r\nWLANWi-Fi 3 (802.11a), Wi-Fi 3 (802.11b), Wi-Fi 3 (802.11g), Wi-Fi 4 (802.11n), Wi-Fi 5 (802.11ac)\r\nBluetoothBluetooth 5.0\r\nNetzteilLeistung65 Watt\r\nBetriebssystemohne Betriebssystem\r\nSchutzfunktionenGegen DiebstahlBuchse für Kabelschloss der Marke Kensington\r\nHinweisIn diesem Barebone-System sind SSD und Arbeitsspeicher NICHT enthalten.\r\nWeitere Informationender USB-A 2.0 Anschluss mit Schnellladefunktion\r\nFeatureinkl. VESA-Halterung\r\nAbmessungenBreite: 115 mm x Höhe: 49 mm x Tiefe/Länge: 115 mm\r\nGewicht700 Gramm'),
(36, '2021-01-07 16:56:42', '2021-01-07 16:57:22', 'Komplett-PCs', 10, 'ASUS ProArt PA90-M9158ZN, Mini-PC', 'Der ASUS ProArt PA90-M9158ZN ist ein leistungsstarker Mini-PC für Content-Ersteller. Er besitzt einen Intel® Core™ i9-9900K Prozessor (3,6 GHz), eine NVIDIA Quadro P4000 Grafikkarte mit 8 GB GDDR5 Grafikspeicher sowie eine 512 GB SSD (M.2,PCie). 32 GB DDR4 Arbeitsspeicher und zahlreiche Anschlussmöglichkeiten sowie Gigabit-LAN und ac-WLAN runden die Ausstattung des ASUS ProArt PA90-M9158ZN ab.\r\n\r\n\r\n\r\nArt-Nr. S4IA0O\r\n\r\nTypMini-PC\r\nFarbeblau\r\nEAN4718017664073\r\nHersteller-Nr.90MS01J1-M01580\r\nSerieProArt PA90\r\nProzessorBezeichnungIntel® Core™ i9-9900K\r\nAnzahl Prozessorkerne8 Kerne\r\nAnzahl Threads16\r\nTaktfrequenz3600 MHz\r\nBoost-Takt5000 MHz\r\nCacheL316384 KB\r\nSockel-Typ1151\r\nChipsatzIntel® Z390\r\nArbeitsspeicherKapazitätGesamt32 GB (davon 32 GB eingebaut )\r\nmax. unterstützt64 GB DDR 4 (davon 64 GB austauschbar)\r\nTypDDR 4\r\nSpeichersteckplätze4 Speicherbänke davon belegt 2 Speicherbänke\r\nDatenspeicherAnzahl1\r\nGesamtkapazität512 GB\r\nDatenspeicher 1Kapazität512 GB [SSD]\r\nGrafikTypNVIDIA Quadro P4000\r\nSpeicherGesamt8.192 MB\r\ndavonintegriert: 8.192 MB\r\nAnschlüsse4x DisplayPort (DisplayPort Version: 1.4)\r\nMainboardAnschlüsse1x RJ-45, 2x Thunderbolt 3, 2x USB-A 3.2 (5 Gbit/s), 2x USB-A 3.2 (10 Gbit/s)\r\nHinweis:Die Bezeichnung USB 3.2 Gen 1 entspricht den früheren Bezeichnungen USB 3.1 Gen 1 bzw. USB 3.0.\r\nDie Bezeichnung USB 3.2 Gen 2 entspricht den früheren Bezeichnungen USB 3.1 Gen 2 bzw. USB 3.1.\r\nOptische LaufwerkeTypnicht vorhanden\r\nAudioAnschlüsse1x Mikrofon, 1x Line-Out, 1x Kopfhörer\r\nKonnektivitätLANLAN 10/100/1000 MBit/s\r\nWLANWi-Fi 5 (802.11ac)\r\nBluetoothBluetooth 5.0\r\nNetzteilLeistung230 Watt\r\nBetriebssystemMicrosoft Windows 10 Pro 64-Bit\r\nAbmessungenBreite: 176 mm x Höhe: 365 mm x Tiefe/Länge: 176 mm\r\nGewicht5,2 kg'),
(37, '2021-01-07 16:56:42', '2021-01-07 16:57:22', 'Komplett-PCs', 10, 'Fujitsu ESPRIMO Q558 (VFY:Q0558PP587DE), PC-System', 'Der Fujitsu ESPRIMO Q558 (VFY:Q0558PP587DE) ist ein äußerst kompakter Mini-PC mit viel Leistung für die Arbeit oder zu Hause. Dank seines kleinen Gehäuses findet er fast überall Platz und bietet mit seinem Intel® Core™ i5-9400T Prozessor, 8 Gigabyte DDR4-Arbeitsspeicher sowie einer integrierten Intel® UHD Graphics 630 Grafikeinheit und einer 512 GB großen SSD solide Leistung. Dabei ist er mit Gigabit-LAN vernetzbar, verfügt über einen DVD-Brenner und hat außerdem acht USB-Anschlüsse mit an Bord. Der ESPRIMO Q558 bietet damit volle Leistung mit kleinem Gehäuse, die dank der Zero-Noise-Funktionalität akustisch stets dezent im Hintergrund bleibt.\r\n\r\n\r\n\r\nArt-Nr. S1IF9O\r\n\r\nTypPC-System\r\nFarbeschwarz\r\nEAN4063872026420\r\nHersteller-Nr.VFY:Q0558PP587DE\r\nSerieESPRIMO Q\r\nGehäuseFormfaktorDesktop\r\nProzessorBezeichnungIntel® Core™ i5-9400T\r\nAnzahl Prozessorkerne6 Kerne\r\nAnzahl Threads6\r\nTaktfrequenz1800 MHz\r\nBoost-Takt3400 MHz\r\nCacheL39216 KB\r\nChipsatzIntel® H310\r\nArbeitsspeicherKapazitätGesamt8 GB (davon 8 GB eingebaut )\r\nTypDDR 4 (2666 MHz)\r\nDatenspeicherAnzahl1\r\nGesamtkapazität512 GB\r\nDatenspeicher 1Kapazität512 GB [M.2, via PCIe, SSD]\r\nGrafikTypIntel® UHD Graphics 630\r\nAnschlüsse2x DisplayPort, 1x DVI\r\nMainboardAnschlüsse1x RJ-45, 4x USB-A 2.0, 4x USB-A 3.2 (5 Gbit/s)\r\nHinweis:Die Bezeichnung USB 3.2 Gen 1 entspricht den früheren Bezeichnungen USB 3.1 Gen 1 bzw. USB 3.0.\r\nOptische LaufwerkeTypDVD-Brenner\r\nFormateLesenCD-R, CD-RW, DVD+R DL, DVD+R, DVD+RW, DVD-R, DVD-R DL, DVD-RAM, DVD-RW\r\nSchreibenCD-R, CD-RW, DVD+R DL, DVD+R, DVD+RW, DVD-R, DVD-R DL, DVD-RAM, DVD-RW\r\nAudioChipsatzRealtek ALC671, High Definition Audio\r\nAnschlüsse1x Line-Out\r\nKonnektivitätLANLAN 10/100/1000 MBit/s\r\nBetriebssystemMicrosoft Windows 10 Pro 64-Bit\r\nFeatureKensington-Schloss-Unterstützung | Öse für Vorhängeschloss | Kabelabdeckung | integrierte Sicherheit (TPM 2.0) | bereit für Credential Guard und Device Guard fähig (Windows 10, v. 1809) | Schutz vor Bootsektor-Viren | Schreibschutzoption für den Flash-EPROM | Steuerung aller USB-Schnittstellen | externe USB-Anschlüsse können einzeln deaktiviert werden, Steuerung der externen Schnittstellen\r\nAbmessungenBreite: 54 mm x Höhe: 185 mm x Tiefe/Länge: 190 mm\r\nGewicht1,6 kg'),
(38, '2021-01-07 16:56:42', '2021-01-07 16:57:22', 'Komplett-PCs', 10, 'MSI Cubi 5 10M-047, Mini-PC', 'Der MSI Cubi 5 10M-019 ist ein leistungsstarker Desktop-PC im Miniatur-Format. Er eignet sich als praktischer HTPC und um alle Medienanwendungen zu Hause zu steuern oder auch als Office-Rechner und für kommerzielle Projekte. Dank seines kompakten Formats benötigt der Cubi 5 keinen festen Platz oder einen eigenen Tisch, sondern kann überall dort eingesetzt werden, wo er gerade gebraucht wird. Ausgestattet mit einem Intel® Core™ i7-10510U Prozessor (1,8 GHz), 8 GB DDR4 Arbeitsspeicher und integrierter Intel® UHD Graphics Grafikeinheit, besitzt der Cubi 5 10M die nötige Leistung. Als Datenträger kommt eine 256 GB SSD zum Einsatz und zur Kommunikation stehen G-LAN, ac-WLAN und Bluetooth 5.1 zur Verfügung.\r\n\r\n\r\n\r\nArt-Nr. S1IM5R\r\n\r\nTypMini-PC\r\nFarbeschwarz\r\nEAN4719072726744\r\nHersteller-Nr.00B18311-047\r\nSerieCubi 5 10M\r\nGehäuseFormfaktorHTPC\r\nProzessorBezeichnungIntel® Core™ i7-10510U\r\nAnzahl Prozessorkerne4 Kerne\r\nAnzahl Threads8\r\nTaktfrequenz1800 MHz\r\nBoost-Takt4900 MHz\r\nCacheL38192 KB\r\nSockel-Typ1528\r\nArbeitsspeicherKapazitätGesamt8 GB (davon 8 GB eingebaut )\r\nmax. unterstützt64 GB DDR 4 (davon 64 GB austauschbar)\r\nTypDDR 4 (2666 MHz)\r\nSpeichersteckplätze2 Speicherbänke davon belegt 1 Speicherbank\r\nSO-DIMMJa\r\nDatenspeicherAnzahl1\r\nGesamtkapazität256 GB\r\nDatenspeicher 1Kapazität256 GB [M.2, via PCIe, SSD]\r\nGrafikTypIntel® UHD Graphics\r\nAnschlüsse1x DisplayPort (DisplayPort Version: 1.2), 1x HDMI (HDMI Version: 1.4)\r\nMainboardAnschlüsse1x RJ-45, 2x USB-A 2.0, 3x USB-A 3.2 (5 Gbit/s), 1x USB-C 3.2 (5 Gbit/s)\r\nHinweis:Die Bezeichnung USB 3.2 Gen 1 entspricht den früheren Bezeichnungen USB 3.1 Gen 1 bzw. USB 3.0.\r\nSchnittstellen2x M.2\r\nOptische LaufwerkeTypnicht vorhanden\r\nAudioAnschlüsse1x Mikrofon, 1x Kopfhörer\r\nKonnektivitätLANLAN 10/100/1000 MBit/s\r\nWLANWi-Fi 5 (802.11ac)\r\nBluetoothBluetooth 5.1\r\nNetzteilLeistung65 Watt\r\nBetriebssystemMicrosoft Windows 10 Pro 64-Bit\r\nSchutzfunktionenGegen DiebstahlBuchse für Kabelschloss der Marke Kensington\r\nAbmessungenBreite: 124 mm x Höhe: 53,7 mm x Tiefe/Länge: 124 mm'),
(39, '2021-01-07 16:56:42', '2021-01-07 16:57:22', 'Arbeitsspeicher', 10, 'G.Skill DIMM 16 GB DDR4-3200 Kit, Arbeitsspeicher, Aegis', 'Das G.Skill F4-3200C16D-16GIS ist ein Kit aus zwei 8-GB-DDR4-3200-Speichermodulen (PC4-25600) der Aegis-Serie von G.Skill. Die Gesamtkapazität beträgt 16 GB. Die Module sind auf Latenzen von 16-18-18-38 bei 3200 MHz programmiert und benötigen eine Spannung von 1,35 Volt. Intels XMP 2.0 wird unterstützt.\r\n\r\n\r\n\r\nArt-Nr. IEIGGU2L\r\n\r\nTypSDRAM-DDR4\r\nEAN4713294224385\r\nHersteller-Nr.F4-3200C16D-16GIS\r\nSerieAegis\r\nKapazität16 GB (2 x 8.192 MB)\r\nAnzahl2 Stück\r\nBauformDIMM\r\nAnschluss288-Pin\r\nSpannung1,35 Volt (von 1,2 bis 1,35 Volt)\r\nStandardDDR4-3200 (PC4-25600)\r\nPhysikalischer Takt1600 MHz\r\nTimingsCAS Latency (CL)16\r\nRAS-to-CAS-Delay (tRCD)18\r\nRAS-Precharge-Time (tRP)18\r\nRow-Active-Time (tRAS)38\r\nFeatureXMP 2.0\r\nWeitere InformationenDDR4 ist die Weiterentwicklung von DDR3 und bietet gegenüber dem Vorgänger eine Reihe von Neuerungen und Vorzügen wie z.B. ein bis zu 40% niedrigerer Energieverbrauch, höhere Geschwindigkeiten, höhere Datendichte (ermöglicht Speichermodule mit einer Kapazität von bis zu 128 GB, zukünftig bis 512 GB) sowie verbesserte Stabilität im Betrieb durch fortschrittliche Fehlerkorrekturtechniken wie CRC (Cyclic Redundancy Check), CMD/ADD (On-chip parity detection) und \"Per DRAM Adressability\".\r\nGewicht36 Gramm'),
(40, '2021-01-07 16:56:42', '2021-01-07 16:57:22', 'Arbeitsspeicher', 10, 'G.Skill DIMM 32 GB DDR4-3200 Kit, Arbeitsspeicher', 'Dieses Dual-Channel-Kit besteht aus zwei 16-GB-DDR4-3200-Speichermodulen (PC4-25600) der Ripjaws V-Serie von G.Skill. Die Gesamtkapazität beträgt 32 GB. Die Module sind auf Latenzen von 16-18-18-38 bei 3200 MHz programmiert und besitzen vergoldete Kontakte. Die Dual-Channel DDR4 Module aus der Ripjaws V Serie wurden für maximale Kompatibilität und Performance mit Intel-Prozessoren entwickelt. Die Version 2.0 von Intels Memory Profile XMP wird unterstützt.\r\n\r\n\r\n\r\nArt-Nr. IFIGGU23\r\n\r\nTypSDRAM-DDR4\r\nFarbeschwarz\r\nEAN4719692007018\r\nHersteller-Nr.F4-3200C16D-32GVK\r\nSerieRipjaws V\r\nKapazität32 GB (2 x 16.384 MB)\r\nAnzahl2 Stück\r\nBauformDIMM\r\nBestückungzweiseitig\r\nAnschluss288-Pin\r\nSpannung1,35 Volt\r\nStandardDDR4-3200 (PC4-25600)\r\nPhysikalischer Takt1600 MHz\r\nTimingsCAS Latency (CL)16\r\nRAS-to-CAS-Delay (tRCD)18\r\nRAS-Precharge-Time (tRP)18\r\nRow-Active-Time (tRAS)38\r\nFeatureXMP 2.0\r\nWeitere InformationenDDR4 ist die Weiterentwicklung von DDR3 und bietet gegenüber dem Vorgänger eine Reihe von Neuerungen und Vorzügen wie z.B. ein bis zu 40% niedrigerer Energieverbrauch, höhere Geschwindigkeiten, höhere Datendichte (ermöglicht Speichermodule mit einer Kapazität von bis zu 128 GB, zukünftig bis 512 GB) sowie verbesserte Stabilität im Betrieb durch fortschrittliche Fehlerkorrekturtechniken wie CRC (Cyclic Redundancy Check), CMD/ADD (On-chip parity detection) und \"Per DRAM Adressability\".\r\nGewicht119 Gramm'),
(41, '2021-01-07 16:56:42', '2021-01-07 16:57:22', 'Arbeitsspeicher', 10, 'Corsair DIMM 32 GB DDR4-3600 Kit, Arbeitsspeicher', 'Das Corsair CMW32GX4M2Z3600C18 ist ein Kit aus zwei 16-GB-DDR4-3600-Speichermodulen (PC4-28800) aus der Vengeance RGB PRO Serie. Die Gesamtkapazität beträgt 32 GB. Die 288-Pin Module unterstützen eine Latenz von 18-22-22-42 bei 3600 MHz und benötigen 1,35 Volt Spannung. Die Vengeance RGB PRO Serie verfügt über maßgeschneiderte Hochleistungs-Kühlkörper mit einstellbarer LED-Beleuchtung. Intels XMP Version 2.0 wird unterstützt.\r\n\r\n\r\n\r\nArt-Nr. IFIG5Z2U\r\n\r\nTypSDRAM-DDR4\r\nFarbeschwarz\r\nEAN0840006621003\r\nHersteller-Nr.CMW32GX4M2Z3600C18\r\nSerieVengeance RGB PRO\r\nKapazität32 GB (2 x 16.384 MB)\r\nAnzahl2 Stück\r\nBauformDIMM\r\nAnschluss288-Pin\r\nSpannung1,35 Volt\r\nStandardDDR4-3600 (PC4-28800)\r\nPhysikalischer Takt1800 MHz\r\nTimingsCAS Latency (CL)18\r\nRAS-to-CAS-Delay (tRCD)22\r\nRAS-Precharge-Time (tRP)22\r\nRow-Active-Time (tRAS)42\r\nHinweisDiese Arbeitsspeicher sind für AMD optimiert und werden auf AMD-Plattformen gründlich getestet. Sie verfügen über eine höhere Basis-SPD, da die AMD-Plattformen dies unterstützen können.\r\nFeatureXMP 2.0\r\nWeitere InformationenDDR4 ist die Weiterentwicklung von DDR3 und bietet gegenüber dem Vorgänger eine Reihe von Neuerungen und Vorzügen wie z.B. ein bis zu 40% niedrigerer Energieverbrauch, höhere Geschwindigkeiten, höhere Datendichte (ermöglicht Speichermodule mit einer Kapazität von bis zu 128 GB, zukünftig bis 512 GB) sowie verbesserte Stabilität im Betrieb durch fortschrittliche Fehlerkorrekturtechniken wie CRC (Cyclic Redundancy Check), CMD/ADD (On-chip parity detection) und \"Per DRAM Adressability\".\r\nGewicht248 Gramm'),
(42, '2021-01-07 16:56:42', '2021-01-07 16:57:22', 'Arbeitsspeicher', 10, 'G.Skill DIMM 16 GB DDR4-3200 Kit, Arbeitsspeicher, Trident Z RGB\'', 'Das G.Skill F4-3200C16D-16GTZR ist ein Dual-Channel-Kit aus zwei 8-GB-DDR4-3200-Speichermodulen (PC4-25600) aus der Trident Z RGB Serie. Die Gesamtkapazität beträgt 16 GB. Die Module unterstützen Timings von 16-18-18-38 bei 3200 MHz und benötigen 1,35 V Spannung. Ein Merkmal der Trident Z RGB Serie ist die individuell einstellbare RGB LED-Beleuchtung. Die Version 2.0 von Intels Memory Profile XMP wird unterstützt.\r\r\n\r\r\n \r\r\n\r\r\nArt-Nr. IEIGGU2C\r\r\n\r\r\nTyp	SDRAM-DDR4\r\r\nEAN	4719692015198\r\r\nHersteller-Nr.	F4-3200C16D-16GTZR\r\r\nSerie	Trident Z RGB\r\r\nKapazität	16 GB (2 x 8.192 MB)\r\r\nAnzahl	2 Stück\r\r\nBauform	DIMM\r\r\nBestückung	zweiseitig\r\r\nAnschluss	288-Pin\r\r\nSpannung	1,35 Volt (von 1,2 bis 1,35 Volt)\r\r\nStandard	DDR4-3200 (PC4-25600)\r\r\nPhysikalischer Takt	1600 MHz\r\r\nTimings	CAS Latency (CL)	16\r\r\nRAS-to-CAS-Delay (tRCD)	18\r\r\nRAS-Precharge-Time (tRP)	18\r\r\nRow-Active-Time (tRAS)	38\r\r\nFeature	XMP 2.0\r\r\nWeitere Informationen	DDR4 ist die Weiterentwicklung von DDR3 und bietet gegenüber dem Vorgänger eine Reihe von Neuerungen und Vorzügen wie z.B. ein bis zu 40% niedrigerer Energieverbrauch, höhere Geschwindigkeiten, höhere Datendichte (ermöglicht Speichermodule mit einer Kapazität von bis zu 128 GB, zukünftig bis 512 GB) sowie verbesserte Stabilität im Betrieb durch fortschrittliche Fehlerkorrekturtechniken wie CRC (Cyclic Redundancy Check), CMD/ADD (On-chip parity detection) und \"Per DRAM Adressability\".\r\r\nGewicht	149 Gramm'),
(43, '2021-01-07 16:56:42', '2021-01-07 16:57:22', 'Temperatursensoren', 10, 'DS18B20 IC digitaler Temperatursensor', 'Technische Daten (Auszug):\r\nPROGRAMMIERBARER DIGITALSENSOR, 18B20\r\nIC Outputtyp: Digital\r\nFühlgenauigkeitsbereich: ± 0.5°C\r\nMinimale Abtastungstemperatur: -55°C\r\nMaximale Abtastungstemperatur: +125°C\r\nBauform: TO-92\r\nAnzahl der Pins: 3\r\nAuflösung, Bit-: 12bit\r\nStromversorgung: 1mA\r\nSensor / Transducertyp: Temperatur\r\nStrom, Ausgang: 4mA\r\nVersorgungsspannung: 3V bis 5.5V'),
(44, '2021-01-07 16:56:42', '2021-01-07 16:57:22', 'Temperatursensoren', 10, 'GY-BME280 Breakout Board, 3in1 Sensor für Temperatur, Luftfeuchtigkeit und Luftdruck', 'Der Bosch BME280 ist ein 3 in 1 Umgebungssensor und vereint die Messungen von Luftfeuchtigkeit, Luftdruck und Temperatur. Er besitzt eine digitale I2C und SPI Schnittstelle.\r\n\r\nTechnische Daten:\r\nAllgemein:\r\nBetriebsspannung: 1.71 - 3.6V\r\nAbmessungen: ca. 15,3 x 11,5 x 2,5 mm\r\nLieferung inkl. Stiftleiste\r\nEigenschaften BME280:\r\nLuftfeuchtigkeit\r\nResponse time (τ63%) 1s\r\nAccuracy tolerance ± 3 % relative humidity\r\nHysteresis ≤ 2 % relative humidity\r\nLuftdruck\r\nPressure range 300 … 1100 hPa (equiv. to +9000…-500 m above/below sea level)\r\nRelative accuracy ±0.12 hPa, equiv. to ±1 m (950 … 1050hPa @25°C)\r\nAbsolute accuracy typ. ±1 hPa (950 ...1050 hPa, 0 ...+40 °C)\r\nTemperatur\r\nOperating range Operational -40°C - +85°C\r\nFull accuracy 0°C - +65°C'),
(45, '2021-01-07 16:56:42', '2021-01-07 16:57:22', 'Temperatursensoren', 10, 'DHT22 - Digitaler Temperatur und Luftfeuchtesensor', 'Der DHT22 ist ein einfacher, kostengünstiger digitaler Temperatur- und Feuchtigkeitssensor. Er verwendet einen kapazitiven Feuchtigkeitssensor und einen Thermistor zur Messung der Umgebungsluft und gibt ein digitales Signal auf den Datenpins aus (keine analogen Eingangspins erforderlich). Er ist relativ einfach in der Anwendung, erfordert jedoch ein sorgfältiges Timing, um Daten zu erfassen. Der einzige wirkliche Nachteil dieses Sensors ist, dass man von ihm nur alle 2 Sekunden neue Daten erhalten kann, so dass die Sensormesswerte bis zu 2 Sekunden alt sein können.\r\n\r\nTechnische Daten\r\nBetriebsspannung: 3 - 5V\r\n2,5mA maximaler Stromverbrauch während der Datenanforderung\r\nMessbereiche:\r\nLuftfeuchtigkeit: 0-100%, ±2-5% Genauigkeit\r\nTemperatur: -40 - +80°C, ±0,5°C Genauigkeit\r\n0,5 Hz Samplingrate (einmal alle 2 Sekunden)\r\nAbmessungen ca. 27 x 59 x 13,5 mm'),
(46, '2021-01-07 16:56:42', '2021-01-07 16:57:22', 'Bewegungsmelder', 10, 'HC-SR04 Ultraschall Sensor', 'Technische Daten\r\n- Betriebsspannung: 5V DC\r\n- Stromverbrauch: 15 mA\r\n- Ruhestrom: < 2mA\r\n- Erkennungswinkel: <= 15°\r\n- Erkennungsbereich: 2 - 450 cm\r\n- Genauigkeit: 3 mm\r\n- Eingangstriggersignal: TTL-Impuls 10µS\r\n- Ausgangssignal: TTL Low aktiv\r\n- Betriebstemperatur: -15 - 70°\r\n- Abmessungen Platine: 46 x 20 x 13 mm'),
(47, '2021-01-07 16:56:42', '2021-01-07 16:57:22', 'Bewegungsmelder', 10, 'HC-SR501 PIR Sensor - Infrarot Bewegungsmelder', 'Technische Daten\r\nBetriebsspannung: 5 - 20V DC\r\nRuhestrom: 65µA\r\nLevel der Ausgangsspannung: 3,3V high / 0V low\r\nVerzögerungszeit einstellbar (0,3 - 18 Sekunden)\r\nSchaltzeit (einstellbar): 5 - 200 Sekunden\r\nReichweite (einstellbar): 3 - 7 Meter\r\nBlockade-Zeit: 2,5 Sekunden\r\nErfassungsbereich: 140°\r\nTrigger Methoden:\r\nL unrepeatable trigger\r\nH repeatable trigger\r\nTrigger kann per Lötbrücke umgeschaltet werden!\r\nBetriebstemperatur: -15 - 70°\r\nAbmessungen Platine: 32 x 24 mm\r\nSchrauben Lochabstand: 28 mm\r\nLochdurchmesser: 2 mm\r\nDurchmesser Sensorlinse: 23 mm'),
(48, '2021-01-07 16:56:42', '2021-01-07 16:57:22', 'Bewegungsmelder', 10, 'HC-SR505 Mini PIR Sensor - Infrarot Bewegungsmelder', 'Dieser Mini-PIR-Bewegungsmelder HC-SR505 basiert auf Infrarot-Technologie und kann mit hoher Empfindlichkeit und Zuverlässigkeit gesteuert werden. Aufgrund der minimalen Größe und der energiesparenden Betriebsart eignet sich der Sensor ideal für batteriebetriebene Anwendungen.\r\n\r\nTechnische Daten\r\nBetriebsspannung: 4,5 - 20V DC\r\nRuhestrom: <60µA\r\nLevel der Ausgangsspannung: 3,3V high / 0V low\r\nTrigger: Reusable trigger\r\nVerzögerungszeit: 8s (± 30%)\r\nBlockade-Zeit: 2,5 Sekunden\r\nInduktionswinkel: <100 Grad Kegelwinkel\r\nErfassungsbereich: ca. 3,0 m\r\nBetriebstemperatur: -20 - 80°\r\nAbmessungen Platine: ca. 23 x 10 mm\r\nDurchmesser Sensorlinse: 10 mm'),
(49, '2021-01-07 16:56:42', '2021-01-07 16:57:22', 'Strommesser', 10, 'Mini Step-Down Converter einstellbar 4,75-23V -> 1-17V / 3A', 'Kleiner Step-Down Converter mit einstellbarer Ausgangsspannung\r\n\r\nTechnische Eigenschaften\r\nEingangsspannung: 4,75 - 23V DC\r\nAusgangsspannung: 1 - 17V DC (einstellbar)\r\nMax. Ausgangsstrom (dauerhaft): 1,8A\r\nMax. Ausgangsstrom (kurzzeitig): 3A\r\nUmwandlungseffizienz max. 96%\r\nSchaltfrequenz 340Khz\r\nBetriebstemperatur: -40 bis +85°C\r\nAbmessungen: 18 x 12 x 4,5 mm'),
(50, '2021-01-07 16:56:42', '2021-01-07 16:57:22', 'Strommesser', 10, 'Ladeplatine für 3,7V LiIon / LiPo Akkus, mit Ausgang, USB Type C Buchse > Lötpads, 1000mA', 'Mit dieser Ladeplatine mit TC4056 Chipsatz kann ein einzelner Lithium-Ionen oder Lithium-Polymer Akku geladen werden. Als Eingang steht hierfür wahlweise ein USB Type C Anschluss oder Lötpads zur Verfügung. Der Anschluss des Akkus erfolgt über Lötpads. Durch den zusätzlichen Ausgang und die Schutzschaltung kann ein Endgerät dauerhaft mit Strom versorgt werden.\r\n\r\nTechnische Daten\r\nChipsatz: TC4056A\r\nLademethode: lineare Ladung\r\nLadestrom: 1A default, optional einstellbar\r\nLadungsgenauigkeit: 1,5%.\r\nEingangsspannung: 4,5V - 5,5V\r\nLadeschlussspannung: 4,2V\r\n2 LEDs:\r\nblaue LED: Ladung vollständig\r\nrote LED: Ladevorgang läuft\r\nAnschlüsse:\r\nEingang: USB Type C Buchse oder Lötpads\r\nAusgang: Lötpads\r\nBetriebstemperatur: -10 - +85°C\r\nAbmessungen: 29 x 18 x 4mm\r\n\r\nEinstellen des Ladestroms\r\nStandardmäßig lädt die Platine mit einem Ladestrom von 1000mA.\r\nDurch auswechseln des Widerstands R3, kann der Ladestrom niedriger eingestellt werden.\r\n\r\nR(K)I(mA)\r\n3050\r\n2070\r\n10130\r\n5250\r\n4300\r\n3400\r\n2580\r\n1.66690\r\n1.5780\r\n1.33900\r\n1.21000'),
(51, '2021-01-07 16:56:42', '2021-01-07 16:57:22', 'Strommesser', 10, 'INA219 Stromsensor mit Breakoutboard', 'Anstatt mit zwei Multimetern, kann mit diesem Praktischen Breakoutboard mit INA219 Chip sowohl die Spannung als auch der DC-Stromverbrauch über die I2C-Schnittstelle gemessen werden.\r\n\r\nTechnische Daten\r\nStrommesswiderstand: 0,1 Ohm / 1% / 2 W\r\nZielspannung: bis zu 26 V\r\nStrommessung: bis zu 3,2 A\r\nAuflösung: 0,8 mA\r\nAbmessungen: ca. 26 x 22 mm'),
(52, '2021-01-07 16:56:42', '2021-01-07 16:57:22', 'Strommesser', 10, 'ACS712 Stromsensor Modul 20A', 'Stromsensormodul basierend auf dem IC ACS712. Ermöglich es, Strom bis 20A zu messen und Analog - Linear auszugeben. Das Modul kann einfach in Mikrocontroller Schaltungen eingebunden werden.\r\n\r\nEinsatzgebiete\r\nLadegeräte\r\nBatteriestromüberwachung\r\nZustandsanzeige von Geräten\r\nÜberwachung von elektrischen Geräten\r\nTechnische Daten:\r\nChipsatz: ACS712ELC-20A\r\nBetriebsspannung: 5V DC\r\nBetriebs LED\r\nMessbereich bis 20A / DC\r\nAnalog Ausgang: 66mV/A\r\nfließt kein Strom beträgt Ausgangsspannung VCC/2\r\nAnschluss Messeingang über Schraubklemmen\r\nAnschluss Messausgang über Stiftleiste\r\nAbmessungen: ca. 27,5 x 11,6 x 14 mm'),
(53, '2021-01-07 16:56:42', '2021-01-07 16:57:22', 'Gyrosensor', 10, 'GY-521 3 Achsen MPU-6050 Beschleunigungssensor / Gyroskop / Accelerometer', 'Technische Daten\r\n- MPU-6050 module ( three axis gyro + three axis acceleration)\r\n- Power supply: 3-5v ( internal low voltage difference )\r\n- Communication: the standard IIC communication protocol\r\n- Chip with built-in 16bit AD converter, 16 bit data output\r\n- Gyro scope:± 25050010002000° /s\r\n- Acceleration range: + 2 + 4 + 8 + 16g\r\n\r\nBeschreibung Chipsatz\r\nMPU-6000 is the worlds first integrated 6 axis motion processing components, compared to multiple component solutions, from the combination of gyro and accelerator axis difference problem, reducing the amount of packaging space. MPU-6000 integrates 3 axis gyroscope, 3 axis accelerator, and with the second I2C ports connected to other brands of accelerator, magnetic sensor, or other sensor digital motion processing ( DMP: Digital Motion Processor ) hardware acceleration engine, mainly I2C port to a single data stream to the application form, output complete 9 axes fusion routing technology\r\n\r\nInvenSense motion processing database, can deal with motion sensing of complex data, reduces the motion processing operations on the operating system of the load, and provides a framework for application and development of API.\r\n\r\nMPU-6000 angular velocity the whole grid sensing range is ± 250,± 500,± 1000 and± 2000° /sec ( DPS ), can accurately catch Zong of fast and slow movements, and a user programmable control of the accelerator, the whole grid sensing range is ±2G,±4G ±8g and ± 16g. The product can be up to 400kHz transmission through I2C or up to 20MHz SPI.\r\n\r\nMPU-6000 can be in different voltages, VDD power supply voltage medium was 2.5V ± 5%, 3.0V ± 5% or 3.3V± 5%, VVDIO logical interface power supply for 1.8V ± 5%. The MPU-6000 package size 4x4x0.9mm ( QFN ), the industry was revolutionized by the size. Other features include a built-in temperature sensor, included in the operation environment is only± 1% variable oscillator.\r\n\r\nAnwendungsbeispiele\r\n- Motion sensing games\r\n- Augmented reality\r\n- Electronic & optical image stabilization\r\n\r\nLieferumfang\r\n1x GY-521 Modul\r\n2x Stiftleiste (1x gerade, 1x 90° gewinkelt)'),
(54, '2021-01-07 16:56:42', '2021-01-07 16:57:22', 'Gyrosensor', 10, 'SW-420 Vibrationssensor Modul', 'Dieser Vibrationssensor mit LM393 Chip eignet sich ideal für den Einsatz mit dem Raspberry Pi oder Arduino.\r\nViele Anwendungsmöglichkeiten sind denkbar: Beispielsweise automatisches Ein- und Ausschalten von Geräten bei Vibration oder Erschütterung, oder als digitaler Sensor, um die Aktivierung eines Gerätes zu überwachen (Garagentor, Waschmaschine, etc).\r\n\r\nEs handelt sich um ein Modul mit digitalem Ausgang (HIGH oder LOW). Die Empfindlichkeit kann über das Potentiometer eingestellt werden.\r\n\r\nTechnische Daten:\r\n- Chipsatz: LM393\r\n- Eingangsspannung: 3-5 V\r\n- 3mm Montagebohrung\r\n- Status LED\r\n- Abmessungen inkl. Stiftleiste: ca. 40 x 14 x 7 mm'),
(55, '2021-01-07 16:56:42', '2021-01-07 16:57:22', 'Gyrosensor', 10, 'ADXL345 digitales 3-Achsen Gyroskop', 'Das GY-291 Modul ist ein kompakter und sehr stromsparender 3-Achsen-Gyroskop Beschleunigungssensor. Er eignet sich perfekt für tragbare Geräte und ist ideal für Microcontroller-Projekte mit einem Arduino, Raspberry Pi uvm. Das Modul besitzt einen ADXL345 Chip welcher die statische Beschleunigung der Schwerkraft in der Neigungsmessung, sowie die dynamische Beschleunigung durch Bewegung oder Erschütterung misst. Der Sensor hat eine hohe Auflösung von 3.9mg/LSB um genaue Messungen der Neigungsveränderung mit bis zu 1° zu erkennen. Außerdem besitzt das Modul verschiedene Spezialmessungen wie:\r\n\r\n- Aktivität und Inaktivitäts-Funktion um das Vorhandensein oder Fehlen von Bewegung festzustellen\r\n- \"Freefall sensing\"-Funktion um zu erkennen wenn sich das Modul im freien Fall befindet\r\n- Diese sowie weitere Funktionen lassen sich über die beiden Interrupt- und Output-Pins einstellen.\r\n\r\nTechnische Daten:\r\n- Modell: GY-291\r\n- Chip: ADXL345\r\n- Stromversorgung: 3 - 5V DC\r\n- Kommunikation: I2C / SPI\r\n- Messreichweite: ± 2g ± 16g\r\n- Mit Freifall-Erkennungsfunktion\r\n- Erkennt die Überschreitung von eingestellten Grenzwerten\r\n- Messungen von weniger als 1 Grad Neigungswinkelveränderungen\r\n- Geringer Stromverbrauch\r\n- Abmessungen: ca. 21 x 15 x 3 mm\r\n- Lieferung inkl. Stiftleiste (unbestückt)');


INSERT INTO `pricing` (`pricingID`, `createdAt`, `updatedAt`, `amount`, `currency`) VALUES
(1, '2021-01-12 14:52:09', NULL, '2.20', 'Euro'),
(2, '2021-01-12 14:52:09', NULL, '1.60', 'Euro'),
(3, '2021-01-12 14:52:09', NULL, '4.90', 'Euro'),
(4, '2021-01-12 14:52:09', NULL, '3.90', 'Euro'),
(5, '2021-01-12 14:52:09', NULL, '5.75', 'Euro'),
(6, '2021-01-12 14:52:09', NULL, '10.60', 'Euro'),
(7, '2021-01-12 14:52:09', NULL, '3.90', 'Euro'),
(8, '2021-01-12 14:52:09', NULL, '12.30', 'Euro'),
(9, '2021-01-12 14:52:09', NULL, '0.04', 'Euro'),
(10, '2021-01-12 14:52:09', NULL, '0.03', 'Euro'),
(11, '2021-01-12 14:52:09', NULL, '0.06', 'Euro'),
(12, '2021-01-12 14:52:09', NULL, '2.43', 'Euro'),
(13, '2021-01-12 14:52:09', NULL, '0.06', 'Euro'),
(14, '2021-01-12 14:52:09', NULL, '1.75', 'Euro'),
(15, '2021-01-12 14:52:09', NULL, '0.25', 'Euro'),
(16, '2021-01-12 14:52:09', NULL, '0.05', 'Euro'),
(17, '2021-01-12 14:52:09', NULL, '0.03', 'Euro'),
(18, '2021-01-12 14:52:09', NULL, '0.18', 'Euro'),
(19, '2021-01-12 14:52:09', NULL, '21.90', 'Euro'),
(20, '2021-01-12 14:52:09', NULL, '35.20', 'Euro'),
(21, '2021-01-12 14:52:09', NULL, '24.30', 'Euro'),
(22, '2021-01-12 14:52:09', NULL, '37.80', 'Euro'),
(23, '2021-01-12 14:52:09', NULL, '39.90', 'Euro'),
(24, '2021-01-12 14:52:09', NULL, '57.80', 'Euro'),
(25, '2021-01-12 14:52:09', NULL, '77.00', 'Euro'),
(26, '2021-01-12 14:52:09', NULL, '15.19', 'Euro'),
(27, '2021-01-12 14:52:09', NULL, '11.13', 'Euro'),
(28, '2021-01-12 14:52:09', NULL, '48.11', 'Euro'),
(29, '2021-01-12 14:52:09', NULL, '13.90', 'Euro'),
(30, '2021-01-12 14:52:09', NULL, '3.90', 'Euro'),
(31, '2021-01-12 14:52:09', NULL, '4.50', 'Euro'),
(32, '2021-01-12 14:52:09', NULL, '280.00', 'Euro'),
(33, '2021-01-12 14:52:09', NULL, '508.00', 'Euro'),
(34, '2021-01-12 14:52:09', NULL, '307.00', 'Euro'),
(35, '2021-01-12 14:52:09', NULL, '159.90', 'Euro'),
(36, '2021-01-12 14:52:09', NULL, '2989.00', 'Euro'),
(37, '2021-01-12 14:52:09', NULL, '756.00', 'Euro'),
(38, '2021-01-12 14:52:09', NULL, '779.00', 'Euro'),
(39, '2021-01-12 14:52:09', NULL, '75.90', 'Euro'),
(40, '2021-01-12 14:52:09', NULL, '139.90', 'Euro'),
(41, '2021-01-12 14:52:09', NULL, '106.90', 'Euro'),
(42, '2021-01-12 14:52:09', NULL, '101.90', 'Euro'),
(43, '2021-01-12 14:52:09', NULL, '1.15', 'Euro'),
(44, '2021-01-12 14:52:09', NULL, '4.60', 'Euro'),
(45, '2021-01-12 14:52:09', NULL, '3.65', 'Euro'),
(46, '2021-01-12 14:52:09', NULL, '1.49', 'Euro'),
(47, '2021-01-12 14:52:09', NULL, '2.15', 'Euro'),
(48, '2021-01-12 14:52:09', NULL, '2.40', 'Euro'),
(49, '2021-01-12 14:52:09', NULL, '1.14', 'Euro'),
(50, '2021-01-12 14:52:09', NULL, '1.40', 'Euro'),
(51, '2021-01-12 14:52:09', NULL, '2.70', 'Euro'),
(52, '2021-01-12 14:52:09', NULL, '2.85', 'Euro'),
(53, '2021-01-12 14:52:09', NULL, '2.30', 'Euro'),
(54, '2021-01-12 14:52:09', NULL, '0.90', 'Euro'),
(55, '2021-01-12 14:52:09', NULL, '1.95', 'Euro');




COMMIT;

/*!40101 SET CHARACTER_SET_CLIENT=@OLD_CHARACTER_SET_CLIENT */;
/*!40101 SET CHARACTER_SET_RESULTS=@OLD_CHARACTER_SET_RESULTS */;
/*!40101 SET COLLATION_CONNECTION=@OLD_COLLATION_CONNECTION */;
